{"mirrors":[{"angle":2.356194490192345,"x":250,"y":200},{"angle":3.141592653589793,"x":350,"y":150},{"angle":2.356194490192345,"x":400,"y":200}],"winPoint":{"x":250,"y":300,"radius":10}}